champlain, flathead, goose, great_salt_lake, lower_red, manitoba, marion, mcconaugh, mead, mille_lacs_lake, mono, moultrie, nipigon, okeechobee, oneida, pontchartrain, sakakawea, salton_sea, sebago, tahoe, upper_klamath, winnebago, winnipesaukee
20181101, 0, 0, 0, 0, 0, 0, 0, 0, 0, 0, 0, 0, 0, 0, 0, 0, 0, 0, 0, 0, 0, 0, 0
20181102, 0, 0, 0, 0, 0, 0, 0, 0, 0, 0, 0, 0, 0, 0, 0, 0, 0, 0, 0, 0, 0, 0, 0
20181103, 0, 0, 0, 0, 0, 0, 0, 0, 0, 0, 0, 0, 0, 0, 0, 0, 0, 0, 0, 0, 0, 0, 0
20181104, 0, 0, 0, 0, 0, 0.01, 0, 0, 0, 0, 0, 0, 0, 0, 0, 0, 0, 0, 0, 0, 0, 0, 0
20181105, 0, 0, 0, 0, 0, 0, 0, 0, 0, 0, 0, 0, 0, 0, 0, 0, 0, 0, 0, 0, 0, 0, 0
20181106, 0, 0, 0, 0, 0, 0, 0, 0, 0, 0, 0, 0, 0, 0, 0, 0, 0, 0, 0, 0, 0, 0, 0
20181107, 0, 0, 0, 0, 0, 0, 0, 0, 0, 0, 0, 0, 0, 0, 0, 0, 0, 0, 0, 0, 0, 0, 0
20181108, 0, 0, 0, 0, 0, 0.02, 0, 0, 0, 0, 0, 0, 0, 0, 0, 0, 0, 0, 0, 0, 0, 0, 0
20181109, 0, 0, 0, 0, 0.01, 0.19, 0, 0, 0, 0, 0, 0, 0, 0, 0, 0, 0, 0, 0, 0, 0, 0, 0
20181110, 0, 0, 0, 0, 0.37, 0.68, 0, 0, 0, 0.08, 0, 0, 0, 0, 0, 0, 0, 0, 0, 0, 0, 0, 0
20181111, 0, 0, 0, 0, 0.83, 1, 0, 0, 0, 0.34, 0, 0, 0.01, 0, 0, 0, 0, 0, 0, 0, 0, 0, 0
20181112, 0, 0, 0, 0, 0.95, 1, 0, 0, 0, 0.47, 0, 0, 0.02, 0, 0, 0, 0, 0, 0, 0, 0, 0, 0
20181113, 0, 0, 0, 0, 0.97, 1, 0, 0, 0, 0.77, 0, 0, 0.05, 0, 0, 0, 0, 0, 0, 0, 0, 0, 0
20181114, 0, 0, 0, 0, 0.99, 1, 0, 0, 0, 1, 0, 0, 0.1, 0, 0, 0, 0, 0, 0, 0, 0, 0, 0
20181115, 0.02, 0, 0, 0, 1, 1, 0, 0, 0, 1, 0, 0, 0.13, 0, 0, 0, 0, 0, 0, 0, 0, 0.03, 0
20181116, 0.05, 0, 0, 0, 0.97, 1, 0, 0, 0, 0.99, 0, 0, 0.12, 0, 0.02, 0, 0, 0, 0, 0, 0, 0.04, 0
20181117, 0.06, 0, 0, 0, 1, 1, 0, 0, 0, 1, 0, 0, 0.12, 0, 0.03, 0, 0.01, 0, 0, 0, 0, 0, 0
20181118, 0.05, 0, 0, 0, 1, 1, 0, 0, 0, 1, 0, 0, 0.16, 0, 0.02, 0, 0.18, 0, 0, 0, 0, 0, 0
20181119, 0.05, 0, 0, 0, 1, 1, 0, 0, 0, 1, 0, 0, 0.18, 0, 0.04, 0, 0.3, 0, 0, 0, 0, 0.06, 0
20181120, 0.05, 0, 0, 0, 1, 1, 0, 0, 0, 1, 0, 0, 0.2, 0, 0.04, 0, 0.54, 0, 0, 0, 0, 0.15, 0
20181121, 0.06, 0, 0, 0, 1, 1, 0, 0, 0, 1, 0, 0, 0.28, 0, 0.05, 0, 0.44, 0, 0, 0, 0, 0.26, 0
20181122, 0.07, 0, 0, 0.01, 1, 1, 0, 0, 0, 1, 0, 0, 0.4, 0, 0.09, 0, 0.18, 0, 0, 0, 0, 0.38, 0
20181123, 0.13, 0, 0, 0, 1, 1, 0, 0, 0, 1, 0, 0, 0.45, 0, 0.18, 0, 0.16, 0, 0, 0, 0, 0.51, 0
20181124, 0.16, 0, 0, 0, 1, 1, 0, 0, 0, 0.9, 0, 0, 0.35, 0, 0.23, 0, 0.11, 0, 0, 0, 0, 0.1, 0
20181125, 0.16, 0, 0, 0, 1, 1, 0, 0, 0, 0.82, 0, 0, 0.27, 0, 0.21, 0, 0.13, 0, 0, 0, 0, 0, 0
20181126, 0.13, 0, 0, 0, 1, 1, 0, 0, 0, 1, 0, 0, 0.35, 0, 0.18, 0, 0.26, 0, 0, 0, 0, 0, 0
20181127, 0.11, 0, 0, 0, 1, 1, 0, 0, 0, 1, 0, 0, 0.57, 0, 0.1, 0, 0.54, 0, 0, 0, 0, 0, 0
20181128, 0.11, 0, 0, 0, 1, 1, 0, 0, 0, 1, 0, 0, 0.75, 0, 0.08, 0, 0.72, 0, 0, 0, 0, 0.01, 0
20181129, 0.1, 0, 0, 0, 1, 1, 0, 0, 0, 1, 0, 0, 0.84, 0, 0.08, 0, 0.67, 0, 0, 0, 0, 0.2, 0
20181130, 0.08, 0, 0, 0, 1, 1, 0, 0, 0, 1, 0, 0, 0.88, 0, 0.08, 0, 0.58, 0, 0, 0, 0, 0.29, 0
20181201, 0.08, 0, 0, 0, 1, 1, 0, 0, 0, 1, 0, 0, 0.88, 0, 0.08, 0, 0.55, 0, 0, 0, 0, 0.29, 0
20181202, 0.08, 0, 0, 0, 1, 1, 0, 0, 0, 1, 0, 0, 0.89, 0, 0.07, 0, 0.51, 0, 0, 0, 0, 0.18, 0
20181203, 0.06, 0, 0, 0, 1, 1, 0, 0, 0, 1, 0, 0, 0.9, 0, 0.07, 0, 0.54, 0, 0, 0, 0.01, 0.06, 0
20181204, 0.04, 0, 0.01, 0, 1, 1, 0, 0, 0, 1, 0, 0, 0.93, 0, 0.06, 0, 0.56, 0, 0, 0, 0.03, 0.05, 0
20181205, 0.05, 0, 0.09, 0.02, 1, 1, 0, 0, 0, 1, 0, 0, 0.95, 0, 0.06, 0, 0.61, 0, 0, 0, 0.05, 0.08, 0
20181206, 0.07, 0, 0.11, 0.13, 1, 1, 0, 0, 0, 1, 0, 0, 0.96, 0, 0.07, 0, 0.7, 0, 0, 0, 0.06, 0.18, 0
20181207, 0.07, 0, 0.14, 0.16, 1, 1, 0, 0, 0, 1, 0, 0, 0.99, 0, 0.08, 0, 0.83, 0, 0, 0.01, 0.08, 0.32, 0
20181208, 0.11, 0, 0.19, 0.21, 1, 1, 0, 0, 0, 1, 0, 0, 1, 0, 0.1, 0, 0.87, 0, 0, 0.01, 0.15, 0.7, 0
20181209, 0.18, 0, 0.17, 0.21, 1, 1, 0, 0, 0, 1, 0, 0, 1, 0, 0.14, 0, 0.89, 0, 0, 0.01, 0.14, 0.94, 0
20181210, 0.25, 0, 0.18, 0.18, 1, 1, 0, 0, 0, 1, 0, 0, 1, 0, 0.15, 0, 0.9, 0, 0, 0.01, 0.14, 0.95, 0
20181211, 0.33, 0, 0.16, 0.15, 1, 1, 0, 0, 0, 1, 0, 0, 1, 0, 0.17, 0, 0.91, 0, 0, 0.02, 0.09, 0.97, 0
20181212, 0.44, 0, 0.17, 0.13, 1, 1, 0, 0, 0, 1, 0, 0, 1, 0, 0.17, 0, 0.91, 0, 0.05, 0.01, 0.08, 0.98, 0.03
20181213, 0.55, 0, 0.07, 0.12, 1, 1, 0, 0, 0, 1, 0, 0, 1, 0, 0.18, 0, 0.93, 0, 0.29, 0.01, 0.07, 0.99, 0.15
20181214, 0.68, 0, 0.08, 0.16, 1, 1, 0, 0, 0, 1, 0, 0, 0.93, 0, 0.18, 0, 0.87, 0, 0.67, 0.01, 0.07, 0.99, 0.38
20181215, 0.43, 0, 0.05, 0.24, 1, 1, 0, 0, 0, 1, 0, 0, 0.89, 0, 0.17, 0, 0.86, 0, 0.72, 0, 0.05, 0.99, 0.39
20181216, 0.23, 0, 0.01, 0.29, 1, 1, 0, 0, 0, 1, 0, 0, 0.85, 0, 0.17, 0, 0.82, 0, 0.57, 0, 0.05, 0.99, 0.24
20181217, 0.25, 0, 0, 0.34, 1, 1, 0, 0, 0, 1, 0, 0, 0.7, 0, 0.17, 0, 0.8, 0, 0.61, 0, 0.02, 1, 0.24
20181218, 0.23, 0, 0, 0.35, 1, 1, 0, 0, 0, 1, 0, 0, 0.72, 0, 0.16, 0, 0.83, 0, 0.56, 0, 0.01, 1, 0.22
20181219, 0.28, 0, 0, 0.34, 1, 1, 0, 0, 0, 1, 0, 0, 0.75, 0, 0.17, 0, 0.83, 0, 0.57, 0, 0, 1, 0.24
20181220, 0.35, 0, 0, 0.28, 1, 1, 0, 0, 0, 1, 0, 0, 0.75, 0, 0.18, 0, 0.73, 0, 0.61, 0, 0, 1, 0.27
20181221, 0.33, 0, 0, 0.28, 1, 1, 0, 0, 0, 1, 0, 0, 0.74, 0, 0.18, 0, 0.72, 0, 0.63, 0, 0, 1, 0.33
20181222, 0.26, 0, 0, 0.27, 1, 1, 0, 0, 0, 1, 0, 0, 0.77, 0, 0.09, 0, 0.72, 0, 0.53, 0, 0, 1, 0.31
20181223, 0.22, 0, 0.01, 0.26, 1, 1, 0, 0, 0, 1, 0, 0, 0.86, 0, 0.06, 0, 0.71, 0, 0.33, 0, 0.02, 1, 0.2
20181224, 0.29, 0, 0, 0.28, 1, 1, 0, 0, 0, 1, 0, 0, 0.95, 0, 0.07, 0, 0.75, 0, 0.38, 0, 0, 1, 0.22
20181225, 0.32, 0, 0, 0.28, 1, 1, 0, 0, 0, 1, 0, 0, 0.99, 0, 0.06, 0, 0.77, 0, 0.42, 0, 0.01, 1, 0.25
20181226, 0.36, 0, 0, 0.27, 1, 1, 0, 0, 0, 1, 0, 0, 1, 0, 0.07, 0, 0.78, 0, 0.52, 0, 0.01, 1, 0.25
20181227, 0.47, 0, 0, 0.26, 1, 1, 0, 0, 0, 1, 0, 0, 1, 0, 0.09, 0, 0.8, 0, 0.66, 0, 0.02, 1, 0.25
20181228, 0.66, 0.01, 0, 0.28, 1, 1, 0, 0, 0, 1, 0, 0, 1, 0, 0.12, 0, 0.8, 0, 0.79, 0.01, 0.03, 1, 0.26
20181229, 0.55, 0.02, 0.01, 0.34, 1, 1, 0, 0, 0, 1, 0.01, 0, 1, 0, 0.09, 0, 0.82, 0, 0.86, 0.02, 0.05, 1, 0.3
20181230, 0.35, 0.01, 0.01, 0.46, 1, 1, 0, 0, 0, 1, 0.02, 0, 1, 0, 0.03, 0, 0.84, 0, 0.74, 0.03, 0.05, 1, 0.23
20181231, 0.44, 0, 0, 0.51, 1, 1, 0, 0, 0, 1, 0.01, 0, 1, 0, 0.07, 0, 0.85, 0, 0.93, 0.03, 0.04, 1, 0.25
20190101, 0.4, 0, 0, 0.62, 1, 1, 0, 0, 0, 1, 0.01, 0, 1, 0, 0.08, 0, 0.9, 0, 0.97, 0.04, 0.06, 1, 0.25
20190102, 0.33, 0.03, 0.04, 0.88, 1, 1, 0, 0, 0, 1, 0.03, 0, 1, 0, 0, 0, 0.98, 0, 0.91, 0.04, 0.09, 1, 0.25
20190103, 0.43, 0.02, 0.17, 0.99, 1, 1, 0, 0, 0, 1, 0.04, 0, 1, 0, 0.04, 0, 0.99, 0, 0.95, 0.05, 0.17, 1, 0.25
20190104, 0.49, 0, 0.25, 1, 1, 1, 0, 0, 0, 1, 0.05, 0, 1, 0, 0.01, 0, 0.98, 0, 0.97, 0.06, 0.17, 1, 0.29
20190105, 0.41, 0, 0.31, 1, 1, 1, 0, 0, 0, 1, 0.04, 0, 1, 0, 0.02, 0, 0.97, 0, 0.98, 0.06, 0.2, 1, 0.27
20190106, 0.4, 0.01, 0.38, 1, 1, 1, 0, 0.01, 0, 1, 0.03, 0, 1, 0, 0.02, 0, 0.98, 0, 0.98, 0.05, 0.14, 1, 0.27
20190107, 0.39, 0, 0.3, 1, 1, 1, 0, 0, 0, 1, 0, 0, 1, 0, 0, 0, 0.99, 0, 0.97, 0.05, 0.1, 1, 0.25
20190108, 0.46, 0, 0.29, 1, 1, 1, 0, 0, 0, 1, 0, 0, 1, 0, 0.1, 0, 0.99, 0, 1, 0.05, 0.11, 1, 0.26
20190109, 0.43, 0.01, 0.24, 1, 1, 1, 0, 0, 0, 1, 0, 0, 1, 0, 0.06, 0, 1, 0, 1, 0.05, 0.09, 1, 0.37
20190110, 0.43, 0, 0.08, 1, 1, 1, 0, 0.04, 0, 1, 0, 0, 1, 0, 0.05, 0, 1, 0, 1, 0.05, 0.04, 1, 0.36
20190111, 0.45, 0, 0, 1, 1, 1, 0, 0.05, 0, 1, 0, 0, 1, 0, 0.08, 0, 1, 0, 1, 0.05, 0.03, 1, 0.37
20190112, 0.58, 0, 0.01, 1, 1, 1, 0, 0.04, 0, 1, 0, 0, 1, 0, 0.15, 0, 1, 0, 1, 0.06, 0.04, 1, 0.5
20190113, 0.74, 0.01, 0.01, 1, 1, 1, 0, 0.02, 0, 1, 0, 0, 1, 0, 0.24, 0, 1, 0, 1, 0.09, 0.04, 1, 0.84
20190114, 0.9, 0.01, 0.05, 1, 1, 1, 0, 0.02, 0, 1, 0, 0, 1, 0, 0.4, 0, 1, 0, 1, 0.13, 0.05, 1, 0.95
20190115, 0.98, 0.02, 0.12, 1, 1, 1, 0, 0.02, 0, 1, 0, 0, 1, 0, 0.64, 0, 1, 0, 1, 0.19, 0.05, 1, 0.97
20190116, 0.99, 0.03, 0.13, 1, 1, 1, 0, 0.09, 0, 1, 0, 0, 1, 0, 0.75, 0, 1, 0, 1, 0.24, 0.05, 1, 0.99
20190117, 0.99, 0.03, 0.08, 1, 1, 1, 0, 0.2, 0, 1, 0, 0, 1, 0, 0.78, 0, 1, 0, 1, 0.12, 0.04, 1, 1
20190118, 1, 0.04, 0.06, 1, 1, 1, 0, 0.17, 0, 1, 0, 0, 1, 0, 0.93, 0, 1, 0, 1, 0.04, 0.03, 1, 1
20190119, 1, 0.04, 0.05, 1, 1, 1, 0, 0.03, 0, 1, 0, 0, 1, 0, 0.95, 0, 1, 0, 1, 0.04, 0.04, 1, 1
20190120, 1, 0.03, 0.03, 1, 1, 1, 0, 0.08, 0, 1, 0, 0, 1, 0, 0.96, 0, 1, 0, 1, 0.04, 0.03, 1, 1
20190121, 1, 0.03, 0.01, 1, 1, 1, 0, 0.08, 0, 1, 0, 0, 1, 0, 0.96, 0, 1, 0, 1, 0.03, 0.04, 1, 1
20190122, 1, 0.03, 0, 1, 1, 1, 0, 0.06, 0, 1, 0, 0, 1, 0, 0.96, 0, 1, 0, 1, 0.03, 0.05, 1, 1
20190123, 1, 0.03, 0.24, 1, 1, 1, 0, 0.1, 0, 1, 0, 0, 1, 0, 0.96, 0, 1, 0, 1, 0.03, 0.09, 1, 1
20190124, 1, 0.03, 0.36, 1, 1, 1, 0, 0.15, 0, 1, 0, 0, 1, 0, 0.95, 0, 1, 0, 1, 0.06, 0.05, 1, 1
20190125, 1, 0.02, 0.39, 1, 1, 1, 0, 0.18, 0, 1, 0, 0, 1, 0, 0.95, 0, 1, 0, 1, 0.09, 0.09, 1, 1
20190126, 1, 0.02, 0.51, 1, 1, 1, 0, 0.19, 0, 1, 0, 0, 1, 0, 0.95, 0, 1, 0, 1, 0.16, 0.12, 1, 1
20190127, 1, 0.01, 0.74, 1, 1, 1, 0, 0.19, 0, 1, 0, 0, 1, 0, 0.95, 0, 1, 0, 1, 0.21, 0.16, 1, 1
20190128, 1, 0.01, 0.9, 1, 1, 1, 0, 0.16, 0, 1, 0, 0, 1, 0, 0.96, 0, 1, 0, 1, 0.24, 0.19, 1, 1
20190129, 1, 0.02, 0.97, 1, 1, 1, 0, 0.15, 0, 1, 0, 0, 1, 0, 0.96, 0, 1, 0, 1, 0.28, 0.22, 1, 1
20190130, 1, 0.08, 0.97, 1, 1, 1, 0, 0.2, 0, 1, 0, 0, 1, 0, 0.97, 0, 1, 0, 1, 0.29, 0.26, 1, 1
20190131, 1, 0.16, 0.98, 1, 1, 1, 0, 0.38, 0, 1, 0, 0, 1, 0, 0.97, 0, 1, 0, 1, 0.32, 0.3, 1, 1
20190201, 1, 0.14, 0.99, 1, 1, 1, 0, 0.46, 0, 1, 0, 0, 1, 0, 0.97, 0, 1, 0, 1, 0.36, 0.32, 1, 1
20190202, 1, 0.12, 0.96, 1, 1, 1, 0, 0.51, 0, 1, 0, 0, 1, 0, 0.98, 0, 1, 0, 1, 0.38, 0.28, 1, 1
20190203, 1, 0.05, 0.91, 0.99, 1, 1, 0, 0.55, 0, 1, 0, 0, 1, 0, 0.99, 0, 1, 0, 1, 0.11, 0.25, 1, 1
20190204, 1, 0.08, 0.88, 0.93, 1, 1, 0, 0.55, 0, 1, 0, 0, 1, 0, 0.99, 0, 1, 0, 1, 0.11, 0.25, 1, 1
20190205, 1, 0.15, 0.88, 0.76, 1, 1, 0, 0.7, 0, 1, 0, 0, 1, 0, 0.99, 0, 1, 0, 1, 0.09, 0.26, 1, 1
20190206, 1, 0.2, 0.96, 0.61, 1, 1, 0, 1, 0, 1, 0.02, 0, 1, 0, 0.99, 0, 1, 0, 1, 0.09, 0.3, 1, 1
20190207, 1, 0.28, 1, 0.65, 1, 1, 0, 1, 0, 1, 0.05, 0, 1, 0, 0.99, 0, 1, 0, 1, 0.1, 0.33, 1, 1
20190208, 1, 0.42, 1, 0.73, 1, 1, 0, 1, 0, 1, 0.14, 0, 1, 0, 0.99, 0, 1, 0, 1, 0.1, 0.44, 1, 1
20190209, 1, 0.48, 1, 0.83, 1, 1, 0, 1, 0, 1, 0.16, 0, 1, 0, 0.97, 0, 1, 0, 0.99, 0.13, 0.48, 1, 1
20190210, 1, 0.55, 1, 0.88, 1, 1, 0, 1, 0, 1, 0.17, 0, 1, 0, 0.99, 0, 1, 0, 1, 0.13, 0.55, 1, 1
20190211, 1, 0.72, 1, 0.87, 1, 1, 0, 1, 0, 1, 0.23, 0, 1, 0, 0.99, 0, 1, 0, 1, 0.13, 0.54, 1, 1
20190212, 1, 0.81, 1, 0.88, 1, 1, 0, 1, 0, 1, 0.23, 0, 1, 0, 0.99, 0, 1, 0, 1, 0.13, 0.49, 1, 1
20190213, 1, 0.82, 1, 0.89, 1, 1, 0, 0.97, 0, 1, 0.2, 0, 1, 0, 0.99, 0, 1, 0, 1, 0.12, 0.45, 1, 1
20190214, 1, 0.81, 1, 0.87, 1, 1, 0, 0.95, 0, 1, 0, 0, 1, 0, 0.99, 0, 1, 0, 1, 0.09, 0.43, 1, 1
20190215, 1, 0.82, 1, 0.74, 1, 1, 0, 0.94, 0, 1, 0, 0, 1, 0, 0.99, 0, 1, 0, 1, 0.03, 0.36, 1, 1
20190216, 1, 0.81, 1, 0.59, 1, 1, 0, 1, 0, 1, 0, 0, 1, 0, 0.99, 0, 1, 0, 1, 0.04, 0.36, 1, 1
20190217, 1, 0.81, 1, 0.56, 1, 1, 0, 1, 0, 1, 0, 0, 1, 0, 0.99, 0, 1, 0, 1, 0.04, 0.37, 1, 1
20190218, 1, 0.82, 1, 0.57, 1, 1, 0, 1, 0, 1, 0.05, 0, 1, 0, 0.99, 0, 1, 0, 1, 0.06, 0.37, 1, 1
20190219, 1, 0.9, 1, 0.59, 1, 1, 0, 1, 0, 1, 0.12, 0, 1, 0, 0.99, 0, 1, 0, 1, 0.06, 0.38, 1, 1
20190220, 1, 0.96, 1, 0.68, 1, 1, 0, 1, 0, 1, 0.17, 0, 1, 0, 1, 0, 1, 0, 1, 0.13, 0.39, 1, 1
20190221, 1, 0.98, 1, 0.75, 1, 1, 0, 1, 0, 1, 0.2, 0, 1, 0, 1, 0, 1, 0, 1, 0.11, 0.39, 1, 1
20190222, 1, 0.99, 1, 0.78, 1, 1, 0, 1, 0, 1, 0.29, 0, 1, 0, 1, 0, 1, 0, 1, 0.16, 0.39, 1, 1
20190223, 1, 1, 1, 0.8, 1, 1, 0, 1, 0, 1, 0.35, 0, 1, 0, 1, 0, 1, 0, 1, 0.23, 0.41, 1, 1
20190224, 1, 1, 1, 0.82, 1, 1, 0, 1, 0, 1, 0.32, 0, 1, 0, 1, 0, 1, 0, 1, 0.26, 0.4, 1, 1
20190225, 1, 1, 1, 0.8, 1, 1, 0, 1, 0, 1, 0.27, 0, 1, 0, 0.99, 0, 1, 0, 1, 0.09, 0.37, 1, 1
20190226, 1, 1, 0.97, 0.72, 1, 1, 0, 1, 0, 1, 0.16, 0, 1, 0, 1, 0, 1, 0, 1, 0.04, 0.33, 1, 1
20190227, 1, 1, 0.89, 0.55, 1, 1, 0, 1, 0, 1, 0.03, 0, 1, 0, 1, 0, 1, 0, 1, 0.04, 0.32, 1, 1
20190228, 1, 1, 0.82, 0.43, 1, 1, 0, 1, 0, 1, 0, 0, 1, 0, 1, 0, 1, 0, 1, 0.02, 0.29, 1, 1
20190301, 1, 1, 0.77, 0.37, 1, 1, 0, 1, 0, 1, 0, 0, 1, 0, 1, 0, 1, 0, 1, 0.02, 0.35, 1, 1
20190302, 1, 1, 0.89, 0.3, 1, 1, 0, 1, 0, 1, 0, 0, 1, 0, 1, 0, 1, 0, 1, 0.02, 0.4, 1, 1
20190303, 1, 1, 0.95, 0.22, 1, 1, 0, 1, 0, 1, 0, 0, 1, 0, 1, 0, 1, 0, 1, 0.02, 0.42, 1, 1
20190304, 1, 1, 0.95, 0.18, 1, 1, 0, 1, 0, 1, 0, 0, 1, 0, 1, 0, 1, 0, 1, 0.02, 0.42, 1, 1
20190305, 1, 1, 0.95, 0.17, 1, 1, 0, 1, 0, 1, 0, 0, 1, 0, 1, 0, 1, 0, 1, 0.02, 0.45, 1, 1
20190306, 1, 1, 0.96, 0.15, 1, 1, 0, 1, 0, 1, 0, 0, 1, 0, 1, 0, 1, 0, 1, 0.02, 0.49, 1, 1
20190307, 1, 1, 0.89, 0.11, 1, 1, 0, 1, 0, 1, 0, 0, 1, 0, 1, 0, 1, 0, 1, 0.02, 0.44, 1, 1
20190308, 1, 1, 0.82, 0.08, 1, 1, 0, 1, 0, 1, 0, 0, 1, 0, 1, 0, 1, 0, 1, 0.02, 0.42, 1, 1
20190309, 1, 1, 0.91, 0.08, 1, 1, 0, 1, 0, 1, 0, 0, 1, 0, 1, 0, 1, 0, 1, 0.02, 0.45, 1, 1
20190310, 1, 1, 0.93, 0.07, 1, 1, 0, 1, 0, 1, 0, 0, 1, 0, 1, 0, 1, 0, 1, 0.02, 0.49, 1, 1
20190311, 1, 1, 0.95, 0.06, 1, 1, 0, 1, 0, 1, 0, 0, 1, 0, 1, 0, 1, 0, 1, 0.06, 0.48, 1, 1
20190312, 1, 1, 0.95, 0.05, 1, 1, 0, 0.99, 0, 1, 0, 0, 1, 0, 1, 0, 1, 0, 1, 0.06, 0.48, 1, 1
20190313, 1, 1, 0.94, 0.04, 1, 1, 0, 0.9, 0, 1, 0, 0, 1, 0, 1, 0, 1, 0, 1, 0.05, 0.48, 1, 1
20190314, 1, 1, 0.94, 0.02, 1, 1, 0, 0.74, 0, 1, 0, 0, 1, 0, 1, 0, 1, 0, 1, 0.06, 0.49, 1, 1
20190315, 0.99, 0.99, 0.97, 0.02, 1, 1, 0, 0.67, 0, 1, 0, 0, 1, 0, 0.91, 0, 1, 0, 1, 0.07, 0.5, 1, 1
20190316, 0.93, 0.99, 0.97, 0.02, 1, 1, 0, 0.82, 0, 1, 0, 0, 1, 0, 0.49, 0, 1, 0, 0.99, 0.1, 0.49, 1, 1
20190317, 0.88, 0.98, 0.95, 0.02, 1, 1, 0, 0.91, 0, 1, 0, 0, 1, 0, 0.23, 0, 1, 0, 0.96, 0.1, 0.49, 1, 0.99
20190318, 0.94, 0.96, 0.94, 0.02, 1, 1, 0, 0.93, 0, 1, 0, 0, 1, 0, 0.24, 0, 1, 0, 0.99, 0.1, 0.48, 1, 1
20190319, 0.96, 0.95, 0.93, 0.01, 1, 1, 0, 0.93, 0, 1, 0, 0, 1, 0, 0.24, 0, 1, 0, 1, 0.09, 0.47, 1, 1
20190320, 0.96, 0.94, 0.92, 0.01, 1, 1, 0, 0.91, 0, 1, 0, 0, 1, 0, 0.24, 0, 1, 0, 1, 0.07, 0.45, 1, 1
20190321, 0.94, 0.92, 0.85, 0.01, 1, 1, 0, 0.91, 0, 1, 0, 0, 1, 0, 0.23, 0, 0.99, 0, 1, 0.04, 0.38, 1, 1
20190322, 0.84, 0.91, 0.73, 0.01, 1, 1, 0, 0.91, 0, 1, 0, 0, 1, 0, 0.21, 0, 0.96, 0, 0.95, 0.03, 0.38, 1, 0.98
20190323, 0.74, 0.89, 0.67, 0, 1, 1, 0, 0.84, 0, 1, 0, 0, 1, 0, 0.2, 0, 0.92, 0, 0.94, 0.02, 0.36, 1, 0.97
20190324, 0.72, 0.83, 0.49, 0, 1, 1, 0, 0.52, 0, 1, 0, 0, 1, 0, 0.2, 0, 0.89, 0, 0.89, 0.01, 0.32, 1, 0.96
20190325, 0.69, 0.71, 0.31, 0, 1, 1, 0, 0.3, 0, 1, 0, 0, 1, 0, 0.2, 0, 0.8, 0, 0.86, 0.01, 0.33, 1, 0.93
20190326, 0.7, 0.51, 0.22, 0, 1, 1, 0, 0.12, 0, 1, 0, 0, 1, 0, 0.2, 0, 0.79, 0, 0.83, 0, 0.31, 1, 0.91
20190327, 0.79, 0.31, 0.07, 0, 1, 1, 0, 0.07, 0, 1, 0, 0, 1, 0, 0.21, 0, 0.67, 0, 0.93, 0, 0.31, 1, 0.98
20190328, 0.82, 0.27, 0.03, 0, 1, 1, 0, 0, 0, 1, 0, 0, 1, 0, 0.22, 0, 0.59, 0, 0.99, 0.01, 0.28, 0.97, 0.99
20190329, 0.7, 0.04, 0.03, 0, 1, 1, 0, 0, 0, 1, 0, 0, 1, 0, 0.2, 0, 0.55, 0, 0.84, 0, 0.26, 0.88, 0.93
20190330, 0.54, 0.01, 0.03, 0, 1, 1, 0, 0, 0, 1, 0, 0, 1, 0, 0.17, 0, 0.58, 0, 0.61, 0, 0.28, 0.88, 0.9
20190331, 0.49, 0, 0.03, 0, 1, 1, 0, 0, 0, 1, 0, 0, 1, 0, 0.12, 0, 0.62, 0, 0.42, 0, 0.31, 0.85, 0.79
20190401, 0.3, 0, 0.03, 0, 1, 1, 0, 0, 0, 1, 0, 0, 1, 0, 0.07, 0, 0.57, 0, 0.13, 0, 0.32, 0.88, 0.6
20190402, 0.27, 0, 0.03, 0, 1, 1, 0, 0, 0, 1, 0, 0, 1, 0, 0.08, 0, 0.57, 0, 0.04, 0, 0.29, 0.91, 0.53
20190403, 0.28, 0, 0.03, 0, 1, 1, 0, 0, 0, 1, 0, 0, 1, 0, 0.07, 0, 0.51, 0, 0.02, 0, 0.21, 0.74, 0.65
20190404, 0.23, 0, 0.03, 0, 1, 1, 0, 0, 0, 1, 0, 0, 1, 0, 0.02, 0, 0.52, 0, 0, 0, 0.08, 0.69, 0.46
20190405, 0.22, 0, 0.03, 0, 1, 1, 0, 0, 0, 1, 0, 0, 1, 0, 0, 0, 0.41, 0, 0, 0, 0, 0.69, 0.42
20190406, 0.23, 0, 0.03, 0, 1, 1, 0, 0, 0, 1, 0, 0, 1, 0, 0, 0, 0.33, 0, 0, 0, 0, 0.48, 0.51
20190407, 0.17, 0, 0.03, 0, 1, 1, 0, 0, 0, 1, 0, 0, 0.99, 0, 0, 0, 0.17, 0, 0, 0, 0, 0.23, 0.38
20190408, 0.15, 0, 0.03, 0, 1, 1, 0, 0, 0, 1, 0, 0, 0.98, 0, 0, 0, 0.11, 0, 0, 0, 0, 0.06, 0.33
20190409, 0.12, 0, 0.03, 0, 1, 1, 0, 0, 0, 1, 0, 0, 0.98, 0, 0, 0, 0.08, 0, 0, 0, 0, 0, 0.27
20190410, 0.12, 0, 0.03, 0, 1, 1, 0, 0, 0, 1, 0, 0, 0.97, 0, 0, 0, 0.07, 0, 0, 0, 0, 0, 0.22
20190411, 0.1, 0, 0.03, 0, 1, 1, 0, 0, 0, 1, 0, 0, 0.99, 0, 0, 0, 0.07, 0, 0, 0, 0, 0, 0.18
20190412, 0.1, 0, 0.03, 0, 1, 1, 0, 0, 0, 1, 0, 0, 0.98, 0, 0, 0, 0.08, 0, 0, 0, 0, 0, 0.18
20190413, 0.09, 0, 0.03, 0, 1, 1, 0, 0, 0, 1, 0, 0, 0.99, 0, 0, 0, 0.07, 0, 0, 0, 0, 0, 0.18
20190414, 0.06, 0, 0.03, 0, 1, 1, 0, 0, 0, 0.99, 0, 0, 0.99, 0, 0, 0, 0.08, 0, 0, 0, 0, 0, 0.1
20190415, 0.05, 0, 0.03, 0, 1, 1, 0, 0, 0, 1, 0, 0, 0.98, 0, 0, 0, 0.07, 0, 0, 0, 0, 0, 0.04
20190416, 0.03, 0, 0.02, 0, 1, 1, 0, 0, 0, 0.99, 0, 0, 0.95, 0, 0, 0, 0.05, 0, 0, 0, 0, 0, 0
20190417, 0.02, 0, 0, 0, 1, 1, 0, 0, 0, 0.99, 0, 0, 0.88, 0, 0, 0, 0.04, 0, 0, 0, 0, 0, 0
20190418, 0.01, 0, 0, 0, 1, 1, 0, 0, 0, 0.96, 0, 0, 0.84, 0, 0, 0, 0.02, 0, 0, 0, 0, 0, 0
20190419, 0.01, 0, 0, 0, 1, 1, 0, 0, 0, 0.9, 0, 0, 0.7, 0, 0, 0, 0.02, 0, 0, 0, 0, 0, 0
20190420, 0.01, 0, 0, 0, 1, 1, 0, 0, 0, 0.89, 0, 0, 0.69, 0, 0, 0, 0.01, 0, 0, 0, 0, 0, 0
20190421, 0.01, 0, 0, 0, 1, 1, 0, 0, 0, 0.79, 0, 0, 0.56, 0, 0, 0, 0, 0, 0, 0, 0, 0, 0
20190422, 0.01, 0, 0, 0, 1, 1, 0, 0, 0, 0.54, 0, 0, 0.46, 0, 0, 0, 0, 0, 0, 0, 0, 0, 0
20190423, 0.01, 0, 0, 0, 1, 1, 0, 0, 0, 0.27, 0, 0, 0.42, 0, 0, 0, 0, 0, 0, 0, 0, 0, 0
20190424, 0.01, 0, 0, 0, 1, 1, 0, 0, 0, 0.23, 0, 0, 0.41, 0, 0, 0, 0, 0, 0, 0, 0, 0, 0
20190425, 0.01, 0, 0, 0, 1, 1, 0, 0, 0, 0.08, 0, 0, 0.34, 0, 0, 0, 0, 0, 0, 0, 0, 0, 0
20190426, 0.01, 0, 0, 0, 1, 1, 0, 0, 0, 0.03, 0, 0, 0.27, 0, 0, 0, 0, 0, 0, 0, 0, 0, 0
20190427, 0, 0, 0, 0, 1, 1, 0, 0, 0, 0.02, 0, 0, 0.19, 0, 0, 0, 0, 0, 0, 0, 0, 0, 0
20190428, 0, 0, 0, 0, 1, 1, 0, 0, 0, 0.01, 0, 0, 0.24, 0, 0, 0, 0, 0, 0, 0, 0, 0, 0
20190429, 0, 0, 0, 0, 1, 1, 0, 0, 0, 0, 0, 0, 0.24, 0, 0, 0, 0, 0, 0, 0, 0, 0, 0
20190430, 0, 0, 0, 0, 1, 1, 0, 0, 0, 0, 0, 0, 0.24, 0, 0, 0, 0, 0, 0, 0, 0, 0, 0
20190501, 0, 0, 0, 0, 1, 1, 0, 0, 0, 0, 0, 0, 0.23, 0, 0, 0, 0, 0, 0, 0, 0, 0, 0
20190502, 0, 0, 0, 0, 1, 1, 0, 0, 0, 0, 0, 0, 0.21, 0, 0, 0, 0, 0, 0, 0, 0, 0, 0
20190503, 0, 0, 0, 0, 1, 1, 0, 0, 0, 0, 0, 0, 0.18, 0, 0, 0, 0, 0, 0, 0, 0, 0, 0
20190504, 0, 0, 0, 0, 1, 1, 0, 0, 0, 0, 0, 0, 0.16, 0, 0, 0, 0, 0, 0, 0, 0, 0, 0
20190505, 0, 0, 0, 0, 1, 1, 0, 0, 0, 0, 0, 0, 0.16, 0, 0, 0, 0, 0, 0, 0, 0, 0, 0
20190506, 0, 0, 0, 0, 1, 1, 0, 0, 0, 0, 0, 0, 0.14, 0, 0, 0, 0, 0, 0, 0, 0, 0, 0
20190507, 0, 0, 0, 0, 1, 1, 0, 0, 0, 0, 0, 0, 0.13, 0, 0, 0, 0, 0, 0, 0, 0, 0, 0
20190508, 0, 0, 0, 0, 1, 0.99, 0, 0, 0, 0, 0, 0, 0.13, 0, 0, 0, 0, 0, 0, 0, 0, 0, 0
20190509, 0, 0, 0, 0, 1, 0.98, 0, 0, 0, 0, 0, 0, 0.12, 0, 0, 0, 0, 0, 0, 0, 0, 0, 0
20190510, 0, 0, 0, 0, 0.99, 0.97, 0, 0, 0, 0, 0, 0, 0.08, 0, 0, 0, 0, 0, 0, 0, 0, 0, 0
20190511, 0, 0, 0, 0, 0.99, 0.96, 0, 0, 0, 0, 0, 0, 0.05, 0, 0, 0, 0, 0, 0, 0, 0, 0, 0
20190512, 0, 0, 0, 0, 0.95, 0.94, 0, 0, 0, 0, 0, 0, 0.04, 0, 0, 0, 0, 0, 0, 0, 0, 0, 0
20190513, 0, 0, 0, 0, 0.91, 0.92, 0, 0, 0, 0, 0, 0, 0.02, 0, 0, 0, 0, 0, 0, 0, 0, 0, 0
20190514, 0, 0, 0, 0, 0.86, 0.89, 0, 0, 0, 0, 0, 0, 0.01, 0, 0, 0, 0, 0, 0, 0, 0, 0, 0
20190515, 0, 0, 0, 0, 0.76, 0.85, 0, 0, 0, 0, 0, 0, 0, 0, 0, 0, 0, 0, 0, 0, 0, 0, 0
20190516, 0, 0, 0, 0, 0.69, 0.79, 0, 0, 0, 0, 0, 0, 0, 0, 0, 0, 0, 0, 0, 0, 0, 0, 0
20190517, 0, 0, 0, 0, 0.53, 0.51, 0, 0, 0, 0, 0, 0, 0, 0, 0, 0, 0, 0, 0, 0, 0, 0, 0
20190518, 0, 0, 0, 0, 0.45, 0.37, 0, 0, 0, 0, 0, 0, 0, 0, 0, 0, 0, 0, 0, 0, 0, 0, 0
20190519, 0, 0, 0, 0, 0.36, 0.14, 0, 0, 0, 0, 0, 0, 0, 0, 0, 0, 0, 0, 0, 0, 0, 0, 0
20190520, 0, 0, 0, 0, 0.27, 0.05, 0, 0, 0, 0, 0, 0, 0, 0, 0, 0, 0, 0, 0, 0, 0, 0, 0
20190521, 0, 0, 0, 0, 0.2, 0.03, 0, 0, 0, 0, 0, 0, 0, 0, 0, 0, 0, 0, 0, 0, 0, 0, 0
20190522, 0, 0, 0, 0, 0.13, 0.03, 0, 0, 0, 0, 0, 0, 0, 0, 0, 0, 0, 0, 0, 0, 0, 0, 0
20190523, 0, 0, 0, 0, 0.06, 0.03, 0, 0, 0, 0, 0, 0, 0, 0, 0, 0, 0, 0, 0, 0, 0, 0, 0
20190524, 0, 0, 0, 0, 0.03, 0.02, 0, 0, 0, 0, 0, 0, 0, 0, 0, 0, 0, 0, 0, 0, 0, 0, 0
20190525, 0, 0, 0, 0, 0.02, 0.02, 0, 0, 0, 0, 0, 0, 0, 0, 0, 0, 0, 0, 0, 0, 0, 0, 0
20190526, 0, 0, 0, 0, 0.02, 0.02, 0, 0, 0, 0, 0, 0, 0, 0, 0, 0, 0, 0, 0, 0, 0, 0, 0
20190527, 0, 0, 0, 0, 0.02, 0.02, 0, 0, 0, 0, 0, 0, 0, 0, 0, 0, 0, 0, 0, 0, 0, 0, 0
20190528, 0, 0, 0, 0, 0.02, 0.02, 0, 0, 0, 0, 0, 0, 0, 0, 0, 0, 0, 0, 0, 0, 0, 0, 0
20190529, 0, 0, 0, 0, 0.02, 0.01, 0, 0, 0, 0, 0, 0, 0, 0, 0, 0, 0, 0, 0, 0, 0, 0, 0
20190530, 0, 0, 0, 0, 0.02, 0.01, 0, 0, 0, 0, 0, 0, 0, 0, 0, 0, 0, 0, 0, 0, 0, 0, 0
20190531, 0, 0, 0, 0, 0.02, 0, 0, 0, 0, 0, 0, 0, 0, 0, 0, 0, 0, 0, 0, 0, 0, 0, 0
20190601, 0, 0, 0, 0, 0.02, 0, 0, 0, 0, 0, 0, 0, 0, 0, 0, 0, 0, 0, 0, 0, 0, 0, 0
20190602, 0, 0, 0, 0, 0.02, 0, 0, 0, 0, 0, 0, 0, 0, 0, 0, 0, 0, 0, 0, 0, 0, 0, 0
20190603, 0, 0, 0, 0, 0.02, 0, 0, 0, 0, 0, 0, 0, 0, 0, 0, 0, 0, 0, 0, 0, 0, 0, 0
20190604, 0, 0, 0, 0, 0.02, 0, 0, 0, 0, 0, 0, 0, 0, 0, 0, 0, 0, 0, 0, 0, 0, 0, 0
20190605, 0, 0, 0, 0, 0.02, 0, 0, 0, 0, 0, 0, 0, 0, 0, 0, 0, 0, 0, 0, 0, 0, 0, 0
20190606, 0, 0, 0, 0, 0.02, 0, 0, 0, 0, 0, 0, 0, 0, 0, 0, 0, 0, 0, 0, 0, 0, 0, 0
20190607, 0, 0, 0, 0, 0.01, 0, 0, 0, 0, 0, 0, 0, 0, 0, 0, 0, 0, 0, 0, 0, 0, 0, 0
20190608, 0, 0, 0, 0, 0.01, 0, 0, 0, 0, 0, 0, 0, 0, 0, 0, 0, 0, 0, 0, 0, 0, 0, 0
20190609, 0, 0, 0, 0, 0, 0, 0, 0, 0, 0, 0, 0, 0, 0, 0, 0, 0, 0, 0, 0, 0, 0, 0
20190610, 0, 0, 0, 0, 0, 0, 0, 0, 0, 0, 0, 0, 0, 0, 0, 0, 0, 0, 0, 0, 0, 0, 0
20190611, 0, 0, 0, 0, 0, 0, 0, 0, 0, 0, 0, 0, 0, 0, 0, 0, 0, 0, 0, 0, 0, 0, 0
20190612, 0, 0, 0, 0, 0, 0, 0, 0, 0, 0, 0, 0, 0, 0, 0, 0, 0, 0, 0, 0, 0, 0, 0
20190613, 0, 0, 0, 0, 0, 0, 0, 0, 0, 0, 0, 0, 0, 0, 0, 0, 0, 0, 0, 0, 0, 0, 0
20190614, 0, 0, 0, 0, 0, 0, 0, 0, 0, 0, 0, 0, 0, 0, 0, 0, 0, 0, 0, 0, 0, 0, 0
20190615, 0, 0, 0, 0, 0, 0, 0, 0, 0, 0, 0, 0, 0, 0, 0, 0, 0, 0, 0, 0, 0, 0, 0
20190616, 0, 0, 0, 0, 0, 0, 0, 0, 0, 0, 0, 0, 0, 0, 0, 0, 0, 0, 0, 0, 0, 0, 0
20190617, 0, 0, 0, 0, 0, 0, 0, 0, 0, 0, 0, 0, 0, 0, 0, 0, 0, 0, 0, 0, 0, 0, 0
20190618, 0, 0, 0, 0, 0, 0, 0, 0, 0, 0, 0, 0, 0, 0, 0, 0, 0, 0, 0, 0, 0, 0, 0
20190619, 0, 0, 0, 0, 0, 0, 0, 0, 0, 0, 0, 0, 0, 0, 0, 0, 0, 0, 0, 0, 0, 0, 0
20190620, 0, 0, 0, 0, 0, 0, 0, 0, 0, 0, 0, 0, 0, 0, 0, 0, 0, 0, 0, 0, 0, 0, 0
20190621, 0, 0, 0, 0, 0, 0, 0, 0, 0, 0, 0, 0, 0, 0, 0, 0, 0, 0, 0, 0, 0, 0, 0
20190622, 0, 0, 0, 0, 0, 0, 0, 0, 0, 0, 0, 0, 0, 0, 0, 0, 0, 0, 0, 0, 0, 0, 0
20190623, 0, 0, 0, 0, 0, 0, 0, 0, 0, 0, 0, 0, 0, 0, 0, 0, 0, 0, 0, 0, 0, 0, 0
20190624, 0, 0, 0, 0, 0, 0, 0, 0, 0, 0, 0, 0, 0, 0, 0, 0, 0, 0, 0, 0, 0, 0, 0
20190625, 0, 0, 0, 0, 0, 0, 0, 0, 0, 0, 0, 0, 0, 0, 0, 0, 0, 0, 0, 0, 0, 0, 0
20190626, 0, 0, 0, 0, 0, 0, 0, 0, 0, 0, 0, 0, 0, 0, 0, 0, 0, 0, 0, 0, 0, 0, 0
20190627, 0, 0, 0, 0, 0, 0, 0, 0, 0, 0, 0, 0, 0, 0, 0, 0, 0, 0, 0, 0, 0, 0, 0
20190628, 0, 0, 0, 0, 0, 0, 0, 0, 0, 0, 0, 0, 0, 0, 0, 0, 0, 0, 0, 0, 0, 0, 0
20190629, 0, 0, 0, 0, 0, 0, 0, 0, 0, 0, 0, 0, 0, 0, 0, 0, 0, 0, 0, 0, 0, 0, 0
20190630, 0, 0, 0, 0, 0, 0, 0, 0, 0, 0, 0, 0, 0, 0, 0, 0, 0, 0, 0, 0, 0, 0, 0
20190701, 0, 0, 0, 0, 0, 0, 0, 0, 0, 0, 0, 0, 0, 0, 0, 0, 0, 0, 0, 0, 0, 0, 0
20190702, 0, 0, 0, 0, 0, 0, 0, 0, 0, 0, 0, 0, 0, 0, 0, 0, 0, 0, 0, 0, 0, 0, 0
20190703, 0, 0, 0, 0, 0, 0, 0, 0, 0, 0, 0, 0, 0, 0, 0, 0, 0, 0, 0, 0, 0, 0, 0
20190704, 0, 0, 0, 0, 0, 0, 0, 0, 0, 0, 0, 0, 0, 0, 0, 0, 0, 0, 0, 0, 0, 0, 0
20190705, 0, 0, 0, 0, 0, 0, 0, 0, 0, 0, 0, 0, 0, 0, 0, 0, 0, 0, 0, 0, 0, 0, 0
20190706, 0, 0, 0, 0, 0, 0, 0, 0, 0, 0, 0, 0, 0, 0, 0, 0, 0, 0, 0, 0, 0, 0, 0
20190707, 0, 0, 0, 0, 0, 0, 0, 0, 0, 0, 0, 0, 0, 0, 0, 0, 0, 0, 0, 0, 0, 0, 0
20190708, 0, 0, 0, 0, 0, 0, 0, 0, 0, 0, 0, 0, 0, 0, 0, 0, 0, 0, 0, 0, 0, 0, 0
20190709, 0, 0, 0, 0, 0, 0, 0, 0, 0, 0, 0, 0, 0, 0, 0, 0, 0, 0, 0, 0, 0, 0, 0
20190710, 0, 0, 0, 0, 0, 0, 0, 0, 0, 0, 0, 0, 0, 0, 0, 0, 0, 0, 0, 0, 0, 0, 0
20190711, 0, 0, 0, 0, 0, 0, 0, 0, 0, 0, 0, 0, 0, 0, 0, 0, 0, 0, 0, 0, 0, 0, 0
20190712, 0, 0, 0, 0, 0, 0, 0, 0, 0, 0, 0, 0, 0, 0, 0, 0, 0, 0, 0, 0, 0, 0, 0
20190713, 0, 0, 0, 0, 0, 0, 0, 0, 0, 0, 0, 0, 0, 0, 0, 0, 0, 0, 0, 0, 0, 0, 0
20190714, 0, 0, 0, 0, 0, 0, 0, 0, 0, 0, 0, 0, 0, 0, 0, 0, 0, 0, 0, 0, 0, 0, 0
20190715, 0, 0, 0, 0, 0, 0, 0, 0, 0, 0, 0, 0, 0, 0, 0, 0, 0, 0, 0, 0, 0, 0, 0
20190716, 0, 0, 0, 0, 0, 0, 0, 0, 0, 0, 0, 0, 0, 0, 0, 0, 0, 0, 0, 0, 0, 0, 0
20190717, 0, 0, 0, 0, 0, 0, 0, 0, 0, 0, 0, 0, 0, 0, 0, 0, 0, 0, 0, 0, 0, 0, 0
20190718, 0, 0, 0, 0, 0, 0, 0, 0, 0, 0, 0, 0, 0, 0, 0, 0, 0, 0, 0, 0, 0, 0, 0
20190719, 0, 0, 0, 0, 0, 0, 0, 0, 0, 0, 0, 0, 0, 0, 0, 0, 0, 0, 0, 0, 0, 0, 0
20190720, 0, 0, 0, 0, 0, 0, 0, 0, 0, 0, 0, 0, 0, 0, 0, 0, 0, 0, 0, 0, 0, 0, 0
20190721, 0, 0, 0, 0, 0, 0, 0, 0, 0, 0, 0, 0, 0, 0, 0, 0, 0, 0, 0, 0, 0, 0, 0
20190722, 0, 0, 0, 0, 0, 0, 0, 0, 0, 0, 0, 0, 0, 0, 0, 0, 0, 0, 0, 0, 0, 0, 0
20190723, 0, 0, 0, 0, 0, 0, 0, 0, 0, 0, 0, 0, 0, 0, 0, 0, 0, 0, 0, 0, 0, 0, 0
20190724, 0, 0, 0, 0, 0, 0, 0, 0, 0, 0, 0, 0, 0, 0, 0, 0, 0, 0, 0, 0, 0, 0, 0
20190725, 0, 0, 0, 0, 0, 0, 0, 0, 0, 0, 0, 0, 0, 0, 0, 0, 0, 0, 0, 0, 0, 0, 0
20190726, 0, 0, 0, 0, 0, 0, 0, 0, 0, 0, 0, 0, 0, 0, 0, 0, 0, 0, 0, 0, 0, 0, 0
20190727, 0, 0, 0, 0, 0, 0, 0, 0, 0, 0, 0, 0, 0, 0, 0, 0, 0, 0, 0, 0, 0, 0, 0
20190728, 0, 0, 0, 0, 0, 0, 0, 0, 0, 0, 0, 0, 0, 0, 0, 0, 0, 0, 0, 0, 0, 0, 0
20190729, 0, 0, 0, 0, 0, 0, 0, 0, 0, 0, 0, 0, 0, 0, 0, 0, 0, 0, 0, 0, 0, 0, 0
20190730, 0, 0, 0, 0, 0, 0, 0, 0, 0, 0, 0, 0, 0, 0, 0, 0, 0, 0, 0, 0, 0, 0, 0
20190731, 0, 0, 0, 0, 0, 0, 0, 0, 0, 0, 0, 0, 0, 0, 0, 0, 0, 0, 0, 0, 0, 0, 0
20190801, 0, 0, 0, 0, 0, 0, 0, 0, 0, 0, 0, 0, 0, 0, 0, 0, 0, 0, 0, 0, 0, 0, 0
20190802, 0, 0, 0, 0, 0, 0, 0, 0, 0, 0, 0, 0, 0, 0, 0, 0, 0, 0, 0, 0, 0, 0, 0
20190803, 0, 0, 0, 0, 0, 0, 0, 0, 0, 0, 0, 0, 0, 0, 0, 0, 0, 0, 0, 0, 0, 0, 0
20190804, 0, 0, 0, 0, 0, 0, 0, 0, 0, 0, 0, 0, 0, 0, 0, 0, 0, 0, 0, 0, 0, 0, 0
20190805, 0, 0, 0, 0, 0, 0, 0, 0, 0, 0, 0, 0, 0, 0, 0, 0, 0, 0, 0, 0, 0, 0, 0
20190806, 0, 0, 0, 0, 0, 0, 0, 0, 0, 0, 0, 0, 0, 0, 0, 0, 0, 0, 0, 0, 0, 0, 0
20190807, 0, 0, 0, 0, 0, 0, 0, 0, 0, 0, 0, 0, 0, 0, 0, 0, 0, 0, 0, 0, 0, 0, 0
20190808, 0, 0, 0, 0, 0, 0, 0, 0, 0, 0, 0, 0, 0, 0, 0, 0, 0, 0, 0, 0, 0, 0, 0
20190809, 0, 0, 0, 0, 0, 0, 0, 0, 0, 0, 0, 0, 0, 0, 0, 0, 0, 0, 0, 0, 0, 0, 0
20190810, 0, 0, 0, 0, 0, 0, 0, 0, 0, 0, 0, 0, 0, 0, 0, 0, 0, 0, 0, 0, 0, 0, 0
20190811, 0, 0, 0, 0, 0, 0, 0, 0, 0, 0, 0, 0, 0, 0, 0, 0, 0, 0, 0, 0, 0, 0, 0
20190812, 0, 0, 0, 0, 0, 0, 0, 0, 0, 0, 0, 0, 0, 0, 0, 0, 0, 0, 0, 0, 0, 0, 0
20190813, 0, 0, 0, 0, 0, 0, 0, 0, 0, 0, 0, 0, 0, 0, 0, 0, 0, 0, 0, 0, 0, 0, 0
20190814, 0, 0, 0, 0, 0, 0, 0, 0, 0, 0, 0, 0, 0, 0, 0, 0, 0, 0, 0, 0, 0, 0, 0
20190815, 0, 0, 0, 0, 0, 0, 0, 0, 0, 0, 0, 0, 0, 0, 0, 0, 0, 0, 0, 0, 0, 0, 0
20190816, 0, 0, 0, 0, 0, 0, 0, 0, 0, 0, 0, 0, 0, 0, 0, 0, 0, 0, 0, 0, 0, 0, 0
20190817, 0, 0, 0, 0, 0, 0, 0, 0, 0, 0, 0, 0, 0, 0, 0, 0, 0, 0, 0, 0, 0, 0, 0
20190818, 0, 0, 0, 0, 0, 0, 0, 0, 0, 0, 0, 0, 0, 0, 0, 0, 0, 0, 0, 0, 0, 0, 0
20190819, 0, 0, 0, 0, 0, 0, 0, 0, 0, 0, 0, 0, 0, 0, 0, 0, 0, 0, 0, 0, 0, 0, 0
20190820, 0, 0, 0, 0, 0, 0, 0, 0, 0, 0, 0, 0, 0, 0, 0, 0, 0, 0, 0, 0, 0, 0, 0
20190821, 0, 0, 0, 0, 0, 0, 0, 0, 0, 0, 0, 0, 0, 0, 0, 0, 0, 0, 0, 0, 0, 0, 0
20190822, 0, 0, 0, 0, 0, 0, 0, 0, 0, 0, 0, 0, 0, 0, 0, 0, 0, 0, 0, 0, 0, 0, 0
20190823, 0, 0, 0, 0, 0, 0, 0, 0, 0, 0, 0, 0, 0, 0, 0, 0, 0, 0, 0, 0, 0, 0, 0
20190824, 0, 0, 0, 0, 0, 0, 0, 0, 0, 0, 0, 0, 0, 0, 0, 0, 0, 0, 0, 0, 0, 0, 0
20190825, 0, 0, 0, 0, 0, 0, 0, 0, 0, 0, 0, 0, 0, 0, 0, 0, 0, 0, 0, 0, 0, 0, 0
20190826, 0, 0, 0, 0, 0, 0, 0, 0, 0, 0, 0, 0, 0, 0, 0, 0, 0, 0, 0, 0, 0, 0, 0
20190827, 0, 0, 0, 0, 0, 0, 0, 0, 0, 0, 0, 0, 0, 0, 0, 0, 0, 0, 0, 0, 0, 0, 0
20190828, 0, 0, 0, 0, 0, 0, 0, 0, 0, 0, 0, 0, 0, 0, 0, 0, 0, 0, 0, 0, 0, 0, 0
20190829, 0, 0, 0, 0, 0, 0, 0, 0, 0, 0, 0, 0, 0, 0, 0, 0, 0, 0, 0, 0, 0, 0, 0
20190830, 0, 0, 0, 0, 0, 0, 0, 0, 0, 0, 0, 0, 0, 0, 0, 0, 0, 0, 0, 0, 0, 0, 0
20190831, 0, 0, 0, 0, 0, 0, 0, 0, 0, 0, 0, 0, 0, 0, 0, 0, 0, 0, 0, 0, 0, 0, 0
20190901, 0, 0, 0, 0, 0, 0, 0, 0, 0, 0, 0, 0, 0, 0, 0, 0, 0, 0, 0, 0, 0, 0, 0
20190902, 0, 0, 0, 0, 0, 0, 0, 0, 0, 0, 0, 0, 0, 0, 0, 0, 0, 0, 0, 0, 0, 0, 0
20190903, 0, 0, 0, 0, 0, 0, 0, 0, 0, 0, 0, 0, 0, 0, 0, 0, 0, 0, 0, 0, 0, 0, 0
20190904, 0, 0, 0, 0, 0, 0, 0, 0, 0, 0, 0, 0, 0, 0, 0, 0, 0, 0, 0, 0, 0, 0, 0
20190905, 0, 0, 0, 0, 0, 0, 0, 0, 0, 0, 0, 0, 0, 0, 0, 0, 0, 0, 0, 0, 0, 0, 0
20190906, 0, 0, 0, 0, 0, 0, 0, 0, 0, 0, 0, 0, 0, 0, 0, 0, 0, 0, 0, 0, 0, 0, 0
20190907, 0, 0, 0, 0, 0, 0, 0, 0, 0, 0, 0, 0, 0, 0, 0, 0, 0, 0, 0, 0, 0, 0, 0
20190908, 0, 0, 0, 0, 0, 0, 0, 0, 0, 0, 0, 0, 0, 0, 0, 0, 0, 0, 0, 0, 0, 0, 0
20190909, 0, 0, 0, 0, 0, 0, 0, 0, 0, 0, 0, 0, 0, 0, 0, 0, 0, 0, 0, 0, 0, 0, 0
20190910, 0, 0, 0, 0, 0, 0, 0, 0, 0, 0, 0, 0, 0, 0, 0, 0, 0, 0, 0, 0, 0, 0, 0
20190911, 0, 0, 0, 0, 0, 0, 0, 0, 0, 0, 0, 0, 0, 0, 0, 0, 0, 0, 0, 0, 0, 0, 0
20190912, 0, 0, 0, 0, 0, 0, 0, 0, 0, 0, 0, 0, 0, 0, 0, 0, 0, 0, 0, 0, 0, 0, 0
20190913, 0, 0, 0, 0, 0, 0, 0, 0, 0, 0, 0, 0, 0, 0, 0, 0, 0, 0, 0, 0, 0, 0, 0
20190914, 0, 0, 0, 0, 0, 0, 0, 0, 0, 0, 0, 0, 0, 0, 0, 0, 0, 0, 0, 0, 0, 0, 0
20190915, 0, 0, 0, 0, 0, 0, 0, 0, 0, 0, 0, 0, 0, 0, 0, 0, 0, 0, 0, 0, 0, 0, 0
20190916, 0, 0, 0, 0, 0, 0, 0, 0, 0, 0, 0, 0, 0, 0, 0, 0, 0, 0, 0, 0, 0, 0, 0
20190917, 0, 0, 0, 0, 0, 0, 0, 0, 0, 0, 0, 0, 0, 0, 0, 0, 0, 0, 0, 0, 0, 0, 0
20190918, 0, 0, 0, 0, 0, 0, 0, 0, 0, 0, 0, 0, 0, 0, 0, 0, 0, 0, 0, 0, 0, 0, 0
20190919, 0, 0, 0, 0, 0, 0, 0, 0, 0, 0, 0, 0, 0, 0, 0, 0, 0, 0, 0, 0, 0, 0, 0
20190920, 0, 0, 0, 0, 0, 0, 0, 0, 0, 0, 0, 0, 0, 0, 0, 0, 0, 0, 0, 0, 0, 0, 0
20190921, 0, 0, 0, 0, 0, 0, 0, 0, 0, 0, 0, 0, 0, 0, 0, 0, 0, 0, 0, 0, 0, 0, 0
20190922, 0, 0, 0, 0, 0, 0, 0, 0, 0, 0, 0, 0, 0, 0, 0, 0, 0, 0, 0, 0, 0, 0, 0
20190923, 0, 0, 0, 0, 0, 0, 0, 0, 0, 0, 0, 0, 0, 0, 0, 0, 0, 0, 0, 0, 0, 0, 0
20190924, 0, 0, 0, 0, 0, 0, 0, 0, 0, 0, 0, 0, 0, 0, 0, 0, 0, 0, 0, 0, 0, 0, 0
20190925, 0, 0, 0, 0, 0, 0, 0, 0, 0, 0, 0, 0, 0, 0, 0, 0, 0, 0, 0, 0, 0, 0, 0
20190926, 0, 0, 0, 0, 0, 0, 0, 0, 0, 0, 0, 0, 0, 0, 0, 0, 0, 0, 0, 0, 0, 0, 0
20190927, 0, 0, 0, 0, 0, 0, 0, 0, 0, 0, 0, 0, 0, 0, 0, 0, 0, 0, 0, 0, 0, 0, 0
20190928, 0, 0, 0, 0, 0, 0, 0, 0, 0, 0, 0, 0, 0, 0, 0, 0, 0, 0, 0, 0, 0, 0, 0
20190929, 0, 0, 0, 0, 0, 0, 0, 0, 0, 0, 0, 0, 0, 0, 0, 0, 0, 0, 0, 0, 0, 0, 0
20190930, 0, 0, 0, 0, 0, 0, 0, 0, 0, 0, 0, 0, 0, 0, 0, 0, 0, 0, 0, 0, 0, 0, 0
20191001, 0, 0, 0, 0, 0, 0, 0, 0, 0, 0, 0, 0, 0, 0, 0, 0, 0, 0, 0, 0, 0, 0, 0
20191002, 0, 0, 0, 0, 0, 0, 0, 0, 0, 0, 0, 0, 0, 0, 0, 0, 0, 0, 0, 0, 0, 0, 0
20191003, 0, 0, 0, 0, 0, 0, 0, 0, 0, 0, 0, 0, 0, 0, 0, 0, 0, 0, 0, 0, 0, 0, 0
20191004, 0, 0, 0, 0, 0, 0, 0, 0, 0, 0, 0, 0, 0, 0, 0, 0, 0, 0, 0, 0, 0, 0, 0
20191005, 0, 0, 0, 0, 0, 0, 0, 0, 0, 0, 0, 0, 0, 0, 0, 0, 0, 0, 0, 0, 0, 0, 0
20191006, 0, 0, 0, 0, 0, 0, 0, 0, 0, 0, 0, 0, 0, 0, 0, 0, 0, 0, 0, 0, 0, 0, 0
20191007, 0, 0, 0, 0, 0, 0, 0, 0, 0, 0, 0, 0, 0, 0, 0, 0, 0, 0, 0, 0, 0, 0, 0
20191008, 0, 0, 0, 0, 0, 0, 0, 0, 0, 0, 0, 0, 0, 0, 0, 0, 0, 0, 0, 0, 0, 0, 0
20191009, 0, 0, 0, 0, 0, 0, 0, 0, 0, 0, 0, 0, 0, 0, 0, 0, 0, 0, 0, 0, 0, 0, 0
20191010, 0, 0, 0, 0, 0, 0, 0, 0, 0, 0, 0, 0, 0, 0, 0, 0, 0, 0, 0, 0, 0, 0, 0
20191011, 0, 0, 0, 0, 0, 0, 0, 0, 0, 0, 0, 0, 0, 0, 0, 0, 0, 0, 0, 0, 0, 0, 0
20191012, 0, 0, 0, 0, 0, 0, 0, 0, 0, 0, 0, 0, 0, 0, 0, 0, 0, 0, 0, 0, 0, 0, 0
20191013, 0, 0, 0, 0, 0, 0, 0, 0, 0, 0, 0, 0, 0, 0, 0, 0, 0, 0, 0, 0, 0, 0, 0
20191014, 0, 0, 0, 0, 0, 0, 0, 0, 0, 0, 0, 0, 0, 0, 0, 0, 0, 0, 0, 0, 0, 0, 0
20191015, 0, 0, 0, 0, 0, 0, 0, 0, 0, 0, 0, 0, 0, 0, 0, 0, 0, 0, 0, 0, 0, 0, 0
20191016, 0, 0, 0, 0, 0, 0, 0, 0, 0, 0, 0, 0, 0, 0, 0, 0, 0, 0, 0, 0, 0, 0, 0
20191017, 0, 0, 0, 0, 0, 0, 0, 0, 0, 0, 0, 0, 0, 0, 0, 0, 0, 0, 0, 0, 0, 0, 0
20191018, 0, 0, 0, 0, 0, 0, 0, 0, 0, 0, 0, 0, 0, 0, 0, 0, 0, 0, 0, 0, 0, 0, 0
20191019, 0, 0, 0, 0, 0, 0, 0, 0, 0, 0, 0, 0, 0, 0, 0, 0, 0, 0, 0, 0, 0, 0, 0
20191020, 0, 0, 0, 0, 0, 0, 0, 0, 0, 0, 0, 0, 0, 0, 0, 0, 0, 0, 0, 0, 0, 0, 0
20191021, 0, 0, 0, 0, 0, 0, 0, 0, 0, 0, 0, 0, 0, 0, 0, 0, 0, 0, 0, 0, 0, 0, 0
20191022, 0, 0, 0, 0, 0, 0, 0, 0, 0, 0, 0, 0, 0, 0, 0, 0, 0, 0, 0, 0, 0, 0, 0
20191023, 0, 0, 0, 0, 0, 0, 0, 0, 0, 0, 0, 0, 0, 0, 0, 0, 0, 0, 0, 0, 0, 0, 0
20191024, 0, 0, 0, 0, 0, 0, 0, 0, 0, 0, 0, 0, 0, 0, 0, 0, 0, 0, 0, 0, 0, 0, 0
20191025, 0, 0, 0, 0, 0, 0, 0, 0, 0, 0, 0, 0, 0, 0, 0, 0, 0, 0, 0, 0, 0, 0, 0
20191026, 0, 0, 0, 0, 0, 0, 0, 0, 0, 0, 0, 0, 0, 0, 0, 0, 0, 0, 0, 0, 0, 0, 0
20191027, 0, 0, 0, 0, 0, 0, 0, 0, 0, 0, 0, 0, 0, 0, 0, 0, 0, 0, 0, 0, 0, 0, 0
20191028, 0, 0, 0, 0, 0, 0, 0, 0, 0, 0, 0, 0, 0, 0, 0, 0, 0, 0, 0, 0, 0, 0, 0
20191029, 0, 0, 0, 0, 0, 0, 0, 0, 0, 0, 0, 0, 0, 0, 0, 0, 0, 0, 0, 0, 0, 0, 0
20191030, 0, 0, 0, 0, 0, 0.04, 0, 0, 0, 0, 0, 0, 0, 0, 0, 0, 0, 0, 0, 0, 0, 0, 0
20191031, 0, 0, 0, 0, 0, 0.1, 0, 0, 0, 0, 0, 0, 0, 0, 0, 0, 0, 0, 0, 0, 0, 0, 0
20191101, 0, 0, 0, 0.01, 0, 0.16, 0, 0, 0, 0, 0, 0, 0, 0, 0, 0, 0, 0, 0, 0, 0, 0, 0
20191102, 0, 0, 0, 0.01, 0, 0.14, 0, 0, 0, 0, 0, 0, 0, 0, 0, 0, 0, 0, 0, 0, 0, 0, 0
20191103, 0, 0, 0, 0.01, 0, 0.15, 0, 0, 0, 0, 0, 0, 0, 0, 0, 0, 0, 0, 0, 0, 0, 0, 0
20191104, 0, 0, 0, 0.01, 0, 0.15, 0, 0, 0, 0, 0, 0, 0, 0, 0, 0, 0, 0, 0, 0, 0, 0, 0
20191105, 0, 0, 0, 0, 0, 0.27, 0, 0, 0, 0, 0, 0, 0, 0, 0, 0, 0, 0, 0, 0, 0, 0, 0
20191106, 0, 0, 0, 0, 0.2, 0.64, 0, 0, 0, 0, 0, 0, 0, 0, 0, 0, 0, 0, 0, 0, 0, 0, 0
20191107, 0, 0, 0, 0, 0.57, 0.95, 0, 0, 0, 0.12, 0, 0, 0.01, 0, 0, 0, 0, 0, 0, 0, 0, 0, 0
20191108, 0, 0, 0, 0, 0.99, 1, 0, 0, 0, 0.52, 0, 0, 0.01, 0, 0, 0, 0, 0, 0, 0, 0, 0, 0
20191109, 0, 0, 0, 0, 1, 1, 0, 0, 0, 0.82, 0, 0, 0.01, 0, 0, 0, 0, 0, 0, 0, 0, 0, 0
20191110, 0, 0, 0, 0, 1, 1, 0, 0, 0, 0.87, 0, 0, 0.01, 0, 0, 0, 0, 0, 0, 0, 0, 0, 0
20191111, 0, 0, 0, 0, 1, 1, 0, 0, 0, 0.98, 0, 0, 0.03, 0, 0, 0, 0.04, 0, 0, 0, 0, 0, 0
20191112, 0, 0, 0, 0, 1, 1, 0, 0, 0, 1, 0, 0, 0.04, 0, 0, 0, 0.11, 0, 0, 0, 0, 0.16, 0
20191113, 0.01, 0, 0, 0, 1, 1, 0, 0, 0, 1, 0, 0, 0.05, 0, 0, 0, 0.22, 0, 0, 0, 0, 0.69, 0
20191114, 0.03, 0, 0, 0, 1, 1, 0, 0, 0, 1, 0, 0, 0.06, 0, 0.07, 0, 0.24, 0, 0, 0, 0, 0.96, 0
20191115, 0.04, 0, 0, 0, 1, 1, 0, 0, 0, 1, 0, 0, 0.08, 0, 0.1, 0, 0.05, 0, 0, 0, 0, 0.96, 0
20191116, 0.02, 0, 0, 0, 1, 1, 0, 0, 0, 1, 0, 0, 0.19, 0, 0.02, 0, 0.01, 0, 0, 0, 0, 0.95, 0
20191117, 0.05, 0, 0, 0, 1, 1, 0, 0, 0, 0.9, 0, 0, 0.18, 0, 0.04, 0, 0, 0, 0, 0, 0, 0.96, 0
20191118, 0.09, 0, 0, 0, 1, 1, 0, 0, 0, 0.72, 0, 0, 0.09, 0, 0.08, 0, 0, 0, 0, 0, 0, 0.96, 0
20191119, 0.11, 0, 0, 0, 1, 1, 0, 0, 0, 0.73, 0, 0, 0.08, 0, 0.07, 0, 0, 0, 0, 0, 0, 0.95, 0
20191120, 0.11, 0, 0, 0, 1, 1, 0, 0, 0, 0.65, 0, 0, 0.07, 0, 0.05, 0, 0, 0, 0, 0, 0, 0.94, 0
20191121, 0.11, 0, 0, 0, 1, 1, 0, 0, 0, 0.54, 0, 0, 0.05, 0, 0.04, 0, 0, 0, 0, 0, 0, 0.93, 0
20191122, 0.1, 0, 0, 0, 1, 1, 0, 0, 0, 0.45, 0, 0, 0.08, 0, 0.02, 0, 0.01, 0, 0, 0, 0, 0.37, 0
20191123, 0.05, 0, 0, 0, 1, 1, 0, 0, 0, 0.69, 0, 0, 0.18, 0, 0.01, 0, 0.01, 0, 0, 0, 0, 0.26, 0
20191124, 0.06, 0, 0, 0, 1, 1, 0, 0, 0, 0.75, 0, 0, 0.11, 0, 0.01, 0, 0, 0, 0, 0, 0, 0.24, 0
20191125, 0.06, 0, 0, 0, 1, 1, 0, 0, 0, 0.68, 0, 0, 0.06, 0, 0, 0, 0, 0, 0, 0, 0, 0.09, 0
20191126, 0.06, 0, 0, 0, 1, 1, 0, 0, 0, 0.43, 0, 0, 0.06, 0, 0, 0, 0, 0, 0, 0, 0, 0.03, 0
20191127, 0.04, 0, 0, 0, 1, 1, 0, 0, 0, 0.37, 0, 0, 0.11, 0, 0, 0, 0, 0, 0, 0, 0, 0.01, 0
20191128, 0.04, 0, 0.01, 0, 1, 1, 0, 0, 0, 0.38, 0, 0, 0.22, 0, 0, 0, 0.01, 0, 0, 0, 0, 0, 0
20191129, 0.03, 0, 0.11, 0, 1, 1, 0, 0, 0, 0.39, 0, 0, 0.33, 0, 0, 0, 0.04, 0, 0, 0, 0, 0, 0
20191130, 0.03, 0, 0.23, 0, 1, 1, 0, 0, 0, 0.39, 0, 0, 0.46, 0, 0, 0, 0.06, 0, 0, 0, 0.01, 0, 0
20191201, 0.06, 0, 0.34, 0, 1, 1, 0, 0, 0, 0.39, 0, 0, 0.58, 0, 0.01, 0, 0.07, 0, 0, 0, 0.12, 0, 0
20191202, 0.1, 0, 0.12, 0.03, 1, 1, 0, 0, 0, 0.39, 0, 0, 0.69, 0, 0.08, 0, 0.12, 0, 0, 0, 0.05, 0.01, 0
20191203, 0.11, 0, 0.04, 0.04, 1, 1, 0, 0, 0, 0.38, 0, 0, 0.79, 0, 0.07, 0, 0.13, 0, 0, 0, 0.03, 0.01, 0
20191204, 0.12, 0, 0.02, 0.03, 1, 1, 0, 0, 0, 0.38, 0, 0, 0.84, 0, 0.07, 0, 0.1, 0, 0, 0, 0.02, 0, 0
20191205, 0.11, 0, 0.02, 0.04, 1, 1, 0, 0, 0, 0.39, 0, 0, 0.91, 0, 0.07, 0, 0.1, 0, 0, 0, 0.01, 0, 0
20191206, 0.11, 0, 0, 0.05, 1, 1, 0, 0, 0, 0.39, 0, 0, 0.95, 0, 0.07, 0, 0.14, 0, 0, 0, 0.01, 0, 0
20191207, 0.12, 0, 0, 0.03, 1, 1, 0, 0, 0, 0.4, 0, 0, 0.97, 0, 0.07, 0, 0.19, 0, 0, 0, 0.01, 0, 0
20191208, 0.16, 0, 0, 0.02, 1, 1, 0, 0, 0, 0.42, 0, 0, 0.98, 0, 0.07, 0, 0.2, 0, 0.05, 0, 0, 0, 0.05
20191209, 0.22, 0, 0, 0.02, 1, 1, 0, 0, 0, 0.42, 0, 0, 0.98, 0, 0.07, 0, 0.18, 0, 0.14, 0, 0, 0, 0.14
20191210, 0.15, 0, 0, 0.02, 1, 1, 0, 0, 0, 0.42, 0, 0, 0.99, 0, 0.06, 0, 0.19, 0, 0, 0, 0, 0, 0.01
20191211, 0.09, 0, 0, 0.02, 1, 1, 0, 0, 0, 0.44, 0, 0, 0.99, 0, 0.06, 0, 0.33, 0, 0, 0, 0, 0.18, 0
20191212, 0.14, 0, 0, 0.02, 1, 1, 0, 0, 0, 0.47, 0, 0, 1, 0, 0.07, 0, 0.81, 0, 0, 0, 0, 0.78, 0
20191213, 0.17, 0, 0, 0.01, 1, 1, 0, 0, 0, 0.5, 0, 0, 1, 0, 0.09, 0, 0.86, 0, 0, 0, 0, 0.86, 0.02
20191214, 0.16, 0, 0, 0.01, 1, 1, 0, 0, 0, 0.51, 0, 0, 1, 0, 0.09, 0, 0.89, 0, 0, 0, 0, 0.88, 0.02
20191215, 0.14, 0, 0, 0.01, 1, 1, 0, 0, 0, 0.51, 0, 0, 1, 0, 0.03, 0, 0.98, 0, 0, 0, 0.01, 0.93, 0
20191216, 0.13, 0, 0, 0.01, 1, 1, 0, 0, 0, 0.54, 0, 0, 1, 0, 0.03, 0, 0.99, 0, 0, 0, 0.01, 0.98, 0
20191217, 0.19, 0, 0, 0.02, 1, 1, 0, 0.21, 0, 0.56, 0, 0, 1, 0, 0.06, 0, 1, 0, 0, 0.02, 0.01, 0.98, 0
20191218, 0.25, 0, 0.04, 0.17, 1, 1, 0, 0.39, 0, 0.57, 0, 0, 1, 0, 0.07, 0, 1, 0, 0.01, 0.03, 0.06, 0.98, 0
20191219, 0.27, 0, 0.03, 0.37, 1, 1, 0, 0.32, 0, 0.61, 0, 0, 1, 0, 0.1, 0, 1, 0, 0.01, 0.04, 0.07, 0.98, 0.01
20191220, 0.65, 0, 0, 0.46, 1, 1, 0, 0.3, 0, 0.63, 0, 0, 1, 0, 0.25, 0, 1, 0, 0.09, 0.04, 0.03, 0.98, 0.11
20191221, 0.87, 0, 0, 0.54, 1, 1, 0, 0.23, 0, 0.65, 0, 0, 1, 0, 0.41, 0, 1, 0, 0.18, 0.04, 0.01, 0.94, 0.17
20191222, 0.91, 0, 0, 0.61, 1, 1, 0, 0.16, 0, 0.67, 0, 0, 1, 0, 0.5, 0, 1, 0, 0.24, 0, 0, 0.91, 0.21
20191223, 0.9, 0, 0, 0.65, 1, 1, 0, 0.14, 0, 0.67, 0, 0, 1, 0, 0.48, 0, 1, 0, 0.25, 0, 0, 0.76, 0.21
20191224, 0.63, 0, 0, 0.63, 1, 1, 0, 0.11, 0, 0.68, 0, 0, 1, 0, 0.35, 0, 1, 0, 0.22, 0, 0, 0.64, 0.19
20191225, 0.54, 0, 0, 0.51, 1, 1, 0, 0.1, 0, 0.68, 0, 0, 1, 0, 0.17, 0, 1, 0, 0.16, 0.01, 0.02, 0.63, 0.07
20191226, 0.61, 0, 0, 0.48, 1, 1, 0, 0.1, 0, 0.68, 0, 0, 1, 0, 0.18, 0, 1, 0, 0.22, 0.03, 0.02, 0.61, 0.09
20191227, 0.68, 0.03, 0.05, 0.47, 1, 1, 0, 0.09, 0, 0.68, 0, 0, 1, 0, 0.14, 0, 1, 0, 0.34, 0.03, 0.03, 0.6, 0.17
20191228, 0.31, 0.06, 0.17, 0.5, 1, 1, 0, 0.06, 0, 0.69, 0, 0, 1, 0, 0.13, 0, 1, 0, 0.18, 0.05, 0.08, 0.61, 0.1
20191229, 0.28, 0.09, 0.29, 0.59, 1, 1, 0, 0.04, 0, 0.71, 0, 0, 1, 0, 0.1, 0, 1, 0, 0.15, 0.07, 0.11, 0.71, 0.04
20191230, 0.32, 0.11, 0.33, 0.68, 1, 1, 0, 0.04, 0, 0.71, 0, 0, 1, 0, 0.07, 0, 1, 0, 0.19, 0.08, 0.12, 0.66, 0.05
20191231, 0.33, 0.03, 0.33, 0.73, 1, 1, 0, 0.04, 0, 0.71, 0, 0, 1, 0, 0.07, 0, 1, 0, 0.21, 0.06, 0.1, 0.64, 0.06
